{
  "data": [
      {
          "id": 1,
          "username": "jony123",
          "title": "투자 팁 드립니다.",
          "content": "엔비디아는 꼭 오를거같아요",
          "createdAt": "2024-10-15T10:52:39.138",
          "updatedAt": "2024-10-15T10:52:39.138"
      },
      {
          "id": 2,
          "username": "sylvie123",
          "title": "반도체가 반등할까요?",
          "content": "아직 잘 모르겠네요. 개인적으론 제약에 투자하는게 나을거같기도 해요.",
          "createdAt": "2024-10-15T10:52:39.138",
          "updatedAt": "2024-10-15T10:52:39.138"
      },
      {
          "id": 3,
          "username": "nana123",
          "title": "역시 코인보다 주식이네요",
          "content": "코인은 정말 불안해서 못하겠어요",
          "createdAt": "2024-10-15T10:52:39.138",
          "updatedAt": "2024-10-15T10:52:39.138"
      }
  ]
}