{
  "data": [
      {
          "id": 1,
          "dclsMonth": "202306",
          "korCoNm": "국민은행",
          "finPrdtNm": "KB Star 정기예금",
          "joinDeny": "제한없음",
          "spclCnd": "해당무"
      },
      {
          "id": 2,
          "dclsMonth": "202306",
          "korCoNm": "하나은행",
          "finPrdtNm": "하나의정기예금",
          "joinDeny": "제한없음",
          "spclCnd": "해당무"
      },
      {
          "id": 3,
          "dclsMonth": "202306",
          "korCoNm": "신한은행",
          "finPrdtNm": "쏠편한정기예금",
          "joinDeny": "제한없음",
          "spclCnd": "해당무"
      },
      {
          "id": 4,
          "dclsMonth": "202306",
          "korCoNm": "우리은행",
          "finPrdtNm": "WON플러스예금",
          "joinDeny": "제한없음",
          "spclCnd": "해당무"
      },
      {
          "id": 5,
          "dclsMonth": "202306",
          "korCoNm": "농협은행",
          "finPrdtNm": "NH왈츠회전예금 II",
          "joinDeny": "제한없음",
          "spclCnd": "급여이체실적(50만원 이상)이 있는 경우 0.1%p"
      },
      {
          "id": 6,
          "dclsMonth": "202306",
          "korCoNm": "경남은행",
          "finPrdtNm": "BNK더조은정기예금",
          "joinDeny": "제한없음",
          "spclCnd": "가입금액 2천만원 이상일 경우 0.20"
      },
      {
          "id": 7,
          "dclsMonth": "202306",
          "korCoNm": "광주은행",
          "finPrdtNm": "스마트모아Dream정기예금",
          "joinDeny": "제한없음",
          "spclCnd": "1천만원 이상 가입시 최대 0.2% 우대"
      },
      {
          "id": 8,
          "dclsMonth": "202306",
          "korCoNm": "대구은행",
          "finPrdtNm": "DGB주거래우대예금",
          "joinDeny": "제한없음",
          "spclCnd": "인터넷/스마트뱅킹을 통해 가입시 : 연0.05%p"
      },
      {
          "id": 9,
          "dclsMonth": "202306",
          "korCoNm": "부산은행",
          "finPrdtNm": "LIVE정기예금",
          "joinDeny": "제한없음",
          "spclCnd": "해당무"
      },
      {
          "id": 10,
          "dclsMonth": "202306",
          "korCoNm": "수협은행",
          "finPrdtNm": "Sh평생주거래우대예금 (만기일시지급식)",
          "joinDeny": "제한없음",
          "spclCnd": "거래고객우대금리 : 최대0.1% (신규시)"
      },
      {
          "id": 11,
          "dclsMonth": "202306",
          "korCoNm": "전북은행",
          "finPrdtNm": "JB 다이렉트예금통장 (만기일시지급식)",
          "joinDeny": "제한없음",
          "spclCnd": "해당무"
      },
      {
          "id": 12,
          "dclsMonth": "202306",
          "korCoNm": "제주은행",
          "finPrdtNm": "제주Dream 정기예금 (개인/만기 지급식)",
          "joinDeny": "제한없음",
          "spclCnd": "급여이체 최고 연 0.1%p(항목별 0.1%p)"
      },
      {
          "id": 13,
          "dclsMonth": "202306",
          "korCoNm": "카카오뱅크",
          "finPrdtNm": "카카오뱅크 정기예금",
          "joinDeny": "제한없음",
          "spclCnd": "해당무"
      },
      {
          "id": 14,
          "dclsMonth": "202306",
          "korCoNm": "토스뱅크",
          "finPrdtNm": "토스뱅크 먼저 이자 받는 정기예금",
          "joinDeny": "제한없음",
          "spclCnd": "해당무"
      }
  ]
}